{"proc": [{"loss": 1.3756548166275024, "val_loss": 0.24431699514389038}, {"loss": 0.24730020761489868, "val_loss": 0.1615946888923645}]}