{"proc": [{"loss": 0.7358483076095581, "val_loss": 0.20141132175922394}]}