{"proc": [{"loss": 2.980900764465332, "val_loss": 0.2577629089355469}]}