{"proc": [{"loss": 1.1508665084838867, "val_loss": 0.3102121651172638}]}