{"proc": [{"loss": 1.480873465538025, "val_loss": 0.23520371317863464}, {"loss": 0.19846215844154358, "val_loss": 0.1351691335439682}, {"loss": 0.2752790153026581, "val_loss": 0.3382275700569153}, {"loss": 0.2857820689678192, "val_loss": 0.28548628091812134}]}